K,method,time_sec
K0,Yens,3.900202989578247
K1,Yens,3.959702968597412
K2,Yens,3.9359467029571533
K3,Yens,3.935851573944092
K4,Yens,3.9792110919952393
K5,Yens,4.006175994873047
K0,DP,10.26886796951294
K1,DP,10.391822099685669
K2,DP,11.352833986282349
K3,DP,12.107728719711304
K4,DP,12.86374020576477
K5,DP,13.963847160339355
